step, task, epoch, num_class, num_instance, loss, acc1, acc5, accs, 
0, 0, 0, 10, 50, 2.3017005125681558, 10.677083333333334, 44.791666666666664, 0.0/0.0/0.0/0.0/0.0/0.0/0.0/0.0/1.0/0.0, 
1, 0, 1, 10, 50, 2.2984492778778076, 9.375, 60.15625, 0.0/0.0/0.0/0.0/0.0/0.0/0.0/0.0/1.0/0.0, 
2, 0, 2, 10, 50, 2.289077123006185, 16.40625, 71.09375, 0.0/0.5952380952380952/0.0/0.02631578947368421/0.0/0.0/0.0/0.0/1.0/0.0, 
3, 0, 3, 10, 50, 2.2756568590799966, 29.6875, 68.22916666666667, 0.0/0.8571428571428571/0.0/0.2926829268292683/0.0/0.0/0.0/1.0/0.918918918918919/0.0, 
4, 0, 4, 10, 50, 2.244793256123861, 28.385416666666668, 77.08333333333333, 0.0/0.28205128205128205/0.0/1.0/0.0/0.0/0.0/1.0/0.1388888888888889/0.38461538461538464, 
5, 0, 5, 10, 50, 2.2040409247080484, 30.729166666666668, 83.85416666666667, 0.0/0.0/0.0/1.0/0.0/0.0/0.0/1.0/0.0/1.0, 
6, 0, 6, 10, 50, 2.145667870839437, 28.90625, 79.6875, 0.0/0.0/0.0/1.0/0.0/0.0/0.0/1.0/0.0/0.9285714285714286, 
7, 0, 7, 10, 50, 2.047701040903727, 29.166666666666668, 80.20833333333333, 0.0/0.0/0.0/1.0/0.0/0.0/0.0/1.0/0.0/0.9411764705882353, 
8, 0, 8, 10, 50, 1.9437321821848552, 29.427083333333332, 81.51041666666667, 0.0/0.0/0.0/1.0/0.0/0.0/0.0/1.0/0.0/0.9743589743589743, 
9, 0, 9, 10, 50, 1.8281145095825195, 31.25, 87.76041666666667, 0.0/0.0/0.0/1.0/0.0/0.0/0.0/1.0/0.20930232558139536/0.825, 
10, 0, 10, 10, 50, 1.7571711937586467, 28.90625, 93.22916666666667, 0.0/0.0/0.0/1.0/0.0/0.0/0.027777777777777776/1.0/0.42857142857142855/0.5, 
11, 0, 11, 10, 50, 1.6728312969207764, 42.708333333333336, 95.57291666666667, 0.7837837837837838/0.06976744186046512/0.0/0.18421052631578946/0.0/0.5897435897435898/0.4594594594594595/1.0/0.6666666666666666/0.5, 
12, 0, 12, 10, 50, 1.6331381400426228, 40.885416666666664, 90.10416666666667, 0.2727272727272727/0.9487179487179487/0.0/0.0/0.05714285714285714/0.7948717948717948/0.0/1.0/1.0/0.02702702702702703, 
13, 0, 13, 10, 50, 1.588605562845866, 40.364583333333336, 92.96875, 0.5789473684210527/1.0/0.14285714285714285/0.0/0.0/0.225/0.0/1.0/1.0/0.0, 
14, 0, 14, 10, 50, 1.5161844491958618, 38.020833333333336, 99.47916666666667, 0.13513513513513514/1.0/0.39473684210526316/0.0/0.07692307692307693/0.07894736842105263/0.0/1.0/1.0/0.0, 
15, 0, 15, 10, 50, 1.4807275136311848, 53.385416666666664, 99.47916666666667, 0.15/1.0/0.8421052631578947/0.0/0.7619047619047619/0.5714285714285714/0.0/1.0/1.0/0.06976744186046512, 
16, 0, 16, 10, 50, 1.428280274073283, 56.770833333333336, 99.21875, 0.0/0.8157894736842105/0.9/0.0/1.0/0.39473684210526316/0.15/1.0/0.875/0.575, 
17, 0, 17, 10, 50, 2.1827491919199624, 29.6875, 71.875, 0.07317073170731707/0.25/0.10810810810810811/0.0/0.2857142857142857/0.0/0.5384615384615384/0.6666666666666666/0.4523809523809524/0.5833333333333334, 
18, 0, 18, 10, 50, 2.6727327505747476, 9.895833333333334, 48.958333333333336, 0.0/0.0/0.0/0.0/0.0/0.0/1.0/0.0/0.0/0.0, 
19, 0, 19, 10, 50, 2.5051881472269693, 9.635416666666666, 49.479166666666664, 0.0/0.0/0.0/0.0/0.0/0.0/1.0/0.0/0.0/0.0, 
20, 0, 20, 10, 50, 2.2911696434020996, 20.052083333333332, 69.79166666666667, 0.2631578947368421/0.3/0.0/0.0/0.0/0.0/0.975609756097561/0.0/0.15/0.23076923076923078, 
21, 0, 21, 10, 50, 2.219303528467814, 21.09375, 75.26041666666667, 0.09523809523809523/0.0/0.9487179487179487/0.0/0.0/0.0/0.0/0.0/0.7857142857142857/0.21212121212121213, 
22, 0, 22, 10, 50, 2.190906365712484, 20.572916666666668, 55.208333333333336, 0.0/0.0/1.0/0.0/0.0/0.0/0.0/0.0/1.0/0.0, 
23, 0, 23, 10, 50, 2.1755974292755127, 20.3125, 50.260416666666664, 0.0/0.0/1.0/0.0/0.0/0.0/0.0/0.0/1.0/0.0, 
24, 0, 24, 10, 50, 2.12836488087972, 20.3125, 51.041666666666664, 0.0/0.0/1.0/0.0/0.0/0.0/0.0/0.0/1.0/0.0, 
25, 0, 25, 10, 50, 2.086021661758423, 21.354166666666668, 63.020833333333336, 0.0/0.5294117647058824/0.7567567567567568/0.0/0.0/0.0/0.0/0.0/1.0/0.0, 
26, 0, 26, 10, 50, 2.0555349588394165, 29.427083333333332, 91.14583333333333, 0.0/1.0/0.029411764705882353/0.8974358974358975/0.0/0.0/0.0/0.0/1.0/0.0, 
27, 0, 27, 10, 50, 2.028677463531494, 21.614583333333332, 98.69791666666667, 0.0/0.02631578947368421/0.0/1.0/0.0/0.0/0.0/0.0/1.0/0.0, 
28, 0, 28, 10, 50, 2.027483065923055, 19.791666666666668, 88.54166666666667, 0.0/0.0/0.0/1.0/0.0/0.0/0.0/0.07894736842105263/1.0/0.0, 
29, 0, 29, 10, 50, 2.005964438120524, 26.302083333333332, 90.10416666666667, 0.0/0.0/0.0/1.0/0.0/0.0/0.0/0.6756756756756757/1.0/0.0, 
30, 0, 30, 10, 50, 1.987839937210083, 32.552083333333336, 94.53125, 0.0/0.0/0.0/1.0/0.0/0.0/0.2702702702702703/1.0/1.0/0.0, 
31, 0, 31, 10, 50, 1.989457368850708, 42.708333333333336, 97.39583333333333, 0.1282051282051282/0.0/0.022222222222222223/0.475/0.0/0.75/1.0/1.0/1.0/0.0, 
32, 0, 32, 10, 50, 1.9741491079330444, 49.739583333333336, 90.88541666666667, 0.358974358974359/0.0/0.6511627906976745/0.0/0.0/0.7560975609756098/1.0/1.0/0.6285714285714286/0.5263157894736842, 
33, 0, 33, 10, 50, 1.951789657274882, 48.958333333333336, 89.84375, 0.21052631578947367/0.0/0.9166666666666666/0.0/0.0/0.5853658536585366/1.0/1.0/0.0/1.0, 
34, 0, 34, 10, 50, 1.9608583450317383, 44.791666666666664, 90.10416666666667, 0.09302325581395349/0.0/0.9761904761904762/0.0/0.0/0.47058823529411764/1.0/1.0/0.0/1.0, 
35, 0, 35, 10, 50, 1.9306406577428181, 45.052083333333336, 99.21875, 0.03333333333333333/0.0/1.0/0.0/0.0/0.1951219512195122/1.0/1.0/0.0/1.0, 
36, 0, 36, 10, 50, 1.930203119913737, 40.364583333333336, 95.57291666666667, 0.0/0.0/1.0/0.0/0.0/0.0/1.0/1.0/0.0/1.0, 
37, 0, 37, 10, 50, 1.9249215523401897, 39.84375, 92.70833333333333, 0.0/0.0/1.0/0.0/0.0/0.02564102564102564/1.0/1.0/0.0/1.0, 
38, 0, 38, 10, 50, 1.9147773186365764, 42.708333333333336, 91.14583333333333, 0.0/0.0/1.0/0.0/0.0/0.2222222222222222/1.0/1.0/0.0/1.0, 
39, 0, 39, 10, 50, 1.8976487318674724, 45.052083333333336, 89.58333333333333, 0.0/0.14285714285714285/1.0/0.0/0.0/0.3055555555555556/1.0/1.0/0.0/1.0, 
40, 0, 40, 10, 50, 1.8950177431106567, 51.041666666666664, 91.92708333333333, 0.05714285714285714/0.8064516129032258/0.9459459459459459/0.0/0.0/0.34285714285714286/1.0/1.0/0.0/1.0, 
41, 0, 41, 10, 50, 1.8971409400304158, 51.302083333333336, 97.13541666666667, 0.1111111111111111/0.9487179487179487/0.8536585365853658/0.0/0.0/0.16216216216216217/1.0/1.0/0.0/1.0, 
42, 0, 42, 10, 50, 1.8947322765986125, 53.385416666666664, 98.4375, 0.10256410256410256/0.9565217391304348/0.8780487804878049/0.0/0.0/0.17647058823529413/1.0/1.0/0.0/1.0, 
43, 0, 43, 10, 50, 1.8951382239659627, 48.177083333333336, 99.21875, 0.025/1.0/0.8285714285714286/0.0/0.0/0.075/1.0/1.0/0.0/1.0, 
44, 0, 44, 10, 50, 1.8892896970113118, 50.78125, 99.47916666666667, 0.0/1.0/0.868421052631579/0.0/0.0/0.20512820512820512/1.0/1.0/0.0/1.0, 
45, 0, 45, 10, 50, 1.883570631345113, 51.302083333333336, 99.21875, 0.05128205128205128/1.0/0.7948717948717948/0.0/0.0/0.24324324324324326/1.0/1.0/0.0/1.0, 
46, 0, 46, 10, 50, 1.8816476265589397, 51.302083333333336, 100.0, 0.14285714285714285/1.0/0.84375/0.0/0.0/0.2894736842105263/1.0/1.0/0.0/1.0, 
47, 0, 47, 10, 50, 1.8799779812494914, 53.90625, 99.21875, 0.20512820512820512/1.0/0.7631578947368421/0.0/0.0/0.2777777777777778/1.0/1.0/0.0/1.0, 
48, 0, 48, 10, 50, 1.8954012393951416, 53.385416666666664, 99.21875, 0.2972972972972973/1.0/0.8048780487804879/0.0/0.0/0.23255813953488372/1.0/1.0/0.0/1.0, 
49, 0, 49, 10, 50, 1.889752745628357, 52.34375, 99.47916666666667, 0.2857142857142857/1.0/0.7368421052631579/0.0/0.0/0.3/1.0/1.0/0.0/1.0, 
50, 1, 0, 10, 100, 1.8792782170431954, 45.3125, 97.43303571428571, 0.022988505747126436/1.0/0.7111111111111111/0.0/0.0/0.034482758620689655/0.8777777777777778/1.0/0.3763440860215054/0.4883720930232558, 
51, 1, 1, 10, 100, 1.8399057728903634, 43.526785714285715, 96.76339285714286, 0.5638297872340425/0.27472527472527475/0.22988505747126436/0.3068181818181818/0.8421052631578947/0.17204301075268819/0.07526881720430108/1.0/0.6506024096385542/0.2289156626506024, 
52, 1, 2, 10, 100, 1.7574456589562553, 40.17857142857143, 94.08482142857143, 0.7555555555555555/0.07865168539325842/0.14583333333333334/0.0/0.5113636363636364/0.01098901098901099/0.4883720930232558/1.0/0.5287356321839081/0.5529411764705883, 
53, 1, 3, 10, 100, 1.6863962241581507, 36.495535714285715, 88.28125, 0.0/0.10869565217391304/1.0/0.19101123595505617/0.0/0.23404255319148937/0.29347826086956524/1.0/0.6627906976744186/0.2247191011235955, 
54, 1, 4, 10, 100, 1.6293371404920305, 38.392857142857146, 92.29910714285714, 0.38636363636363635/0.45977011494252873/0.04395604395604396/0.0/0.5760869565217391/0.4065934065934066/0.0/1.0/0.0/1.0, 
55, 1, 5, 10, 100, 1.5803923606872559, 39.285714285714285, 94.41964285714286, 0.5106382978723404/0.0/0.3125/0.1375/0.5795454545454546/0.40217391304347827/0.0/1.0/0.8089887640449438/0.11494252873563218, 
56, 1, 6, 10, 100, 1.548514655658177, 43.41517857142857, 94.86607142857143, 0.1111111111111111/0.2727272727272727/0.8695652173913043/0.0/0.0/0.13333333333333333/0.9270833333333334/1.0/0.28888888888888886/0.6818181818181818, 
57, 1, 7, 10, 100, 1.4999800750187464, 44.53125, 96.54017857142857, 0.14130434782608695/0.5164835164835165/0.21428571428571427/0.0/0.0/0.8292682926829268/0.3888888888888889/1.0/0.7659574468085106/0.5591397849462365, 
58, 1, 8, 10, 100, 1.4932772772652763, 48.88392857142857, 91.62946428571429, 0.4777777777777778/0.550561797752809/0.4827586206896552/0.0/1.0/0.010752688172043012/0.1111111111111111/1.0/0.2261904761904762/1.0, 
59, 1, 9, 10, 100, 1.4606431722640991, 54.6875, 97.54464285714286, 0.5978260869565217/0.28888888888888886/0.5280898876404494/0.011627906976744186/0.7473684210526316/0.6666666666666666/0.5454545454545454/1.0/0.3409090909090909/0.7, 
60, 1, 10, 10, 100, 1.444804310798645, 51.674107142857146, 93.75, 0.08045977011494253/0.6071428571428571/0.7303370786516854/0.3118279569892473/0.6067415730337079/0.23863636363636365/0.5684210526315789/1.0/0.0/1.0, 
61, 1, 11, 10, 100, 1.397679397038051, 60.60267857142857, 97.99107142857143, 0.6931818181818182/0.4318181818181818/0.75/0.5517241379310345/0.0/0.7157894736842105/0.4482758620689655/1.0/0.5652173913043478/0.8791208791208791, 
62, 1, 12, 10, 100, 1.3835896934781755, 48.214285714285715, 94.97767857142857, 0.5909090909090909/0.23595505617977527/0.3595505617977528/0.054945054945054944/0.8522727272727273/0.5604395604395604/0.14444444444444443/1.0/1.0/0.03333333333333333, 
63, 1, 13, 10, 100, 1.355697751045227, 50.669642857142854, 97.43303571428571, 0.0/0.7956989247311828/0.6022727272727273/0.7701149425287356/0.010752688172043012/0.22988505747126436/0.5333333333333333/1.0/0.5176470588235295/0.6304347826086957, 
64, 1, 14, 10, 100, 1.3041281700134277, 52.232142857142854, 98.54910714285714, 0.8977272727272727/0.25/0.45555555555555555/0.0/1.0/0.4942528735632184/0.08695652173913043/1.0/0.0/1.0, 
65, 1, 15, 10, 100, 1.2663075072424752, 55.357142857142854, 99.44196428571429, 0.031914893617021274/0.6875/0.9101123595505618/0.3763440860215054/0.34444444444444444/0.5111111111111111/0.6823529411764706/1.0/0.7340425531914894/0.32978723404255317, 
66, 1, 16, 10, 100, 1.2437033993857247, 58.816964285714285, 100.0, 0.8461538461538461/0.17582417582417584/0.782608695652174/0.8020833333333334/0.6395348837209303/0.47674418604651164/0.15217391304347827/1.0/1.0/0.0, 
67, 1, 17, 10, 100, 1.196829080581665, 67.52232142857143, 98.66071428571429, 0.5393258426966292/1.0/0.8571428571428571/0.023529411764705882/1.0/0.9157894736842105/0.28888888888888886/1.0/0.26136363636363635/0.8351648351648352, 
68, 1, 18, 10, 100, 1.1746938739504134, 56.808035714285715, 99.77678571428571, 0.21839080459770116/0.6813186813186813/0.9318181818181818/0.6373626373626373/0.2826086956521739/0.4725274725274725/0.37894736842105264/1.0/0.3176470588235294/0.7586206896551724, 
69, 1, 19, 10, 100, 1.1452505247933524, 59.598214285714285, 99.10714285714286, 0.8444444444444444/0.28735632183908044/0.8/0.04395604395604396/0.25/0.7065217391304348/1.0/1.0/0.43333333333333335/0.574468085106383, 
70, 1, 20, 10, 100, 1.1190085581370763, 64.50892857142857, 99.55357142857143, 0.15730337078651685/0.989247311827957/0.9347826086956522/0.7252747252747253/0.550561797752809/0.7303370786516854/0.2235294117647059/1.0/0.03571428571428571/1.0, 
71, 1, 21, 10, 100, 1.1080884507724218, 63.950892857142854, 99.77678571428571, 0.6304347826086957/0.8936170212765957/0.8181818181818182/0.16129032258064516/0.9431818181818182/0.36363636363636365/0.3956043956043956/1.0/0.3448275862068966/0.8409090909090909, 
72, 1, 22, 10, 100, 1.083876269204276, 61.27232142857143, 100.0, 0.5555555555555556/0.4946236559139785/0.8777777777777778/0.09090909090909091/0.04597701149425287/0.967391304347826/0.9886363636363636/1.0/0.9666666666666667/0.13186813186813187, 
73, 1, 23, 10, 100, 1.0451490793909346, 76.22767857142857, 99.88839285714286, 0.5647058823529412/0.872093023255814/0.8172043010752689/0.5604395604395604/0.9111111111111111/0.9213483146067416/0.5340909090909091/1.0/0.43478260869565216/0.9891304347826086, 
74, 1, 24, 10, 100, 1.0234675237110682, 71.76339285714286, 99.66517857142857, 0.17391304347826086/0.8888888888888888/0.989247311827957/0.4117647058823529/1.0/0.8021978021978022/0.45652173913043476/1.0/0.5647058823529412/0.8735632183908046, 
75, 1, 25, 10, 100, 0.9931110739707947, 76.22767857142857, 100.0, 0.7802197802197802/0.7142857142857143/0.8241758241758241/0.2777777777777778/0.6292134831460674/0.9775280898876404/0.989010989010989/1.0/0.632183908045977/0.788235294117647, 
76, 1, 26, 10, 100, 0.9590303472110203, 81.80803571428571, 100.0, 0.5164835164835165/0.9876543209876543/0.8723404255319149/0.6629213483146067/0.8505747126436781/0.9438202247191011/0.9550561797752809/1.0/0.8888888888888888/0.532608695652174, 
77, 1, 27, 10, 100, 0.9632393717765808, 71.65178571428571, 100.0, 0.6022727272727273/0.5555555555555556/0.872093023255814/0.29069767441860467/1.0/0.9361702127659575/0.449438202247191/1.0/0.5376344086021505/0.8977272727272727, 
78, 1, 28, 10, 100, 0.9675393530300685, 79.79910714285714, 100.0, 0.3977272727272727/0.9883720930232558/0.946236559139785/0.43010752688172044/0.7252747252747253/0.9540229885057471/0.8876404494382022/1.0/0.9540229885057471/0.7204301075268817, 
79, 1, 29, 10, 100, 0.9579807094165257, 80.91517857142857, 100.0, 0.38636363636363635/0.9368421052631579/0.9239130434782609/0.6162790697674418/0.7528089887640449/0.7555555555555555/0.9032258064516129/1.0/0.9662921348314607/0.8275862068965517, 
80, 1, 30, 10, 100, 0.926670253276825, 79.01785714285714, 99.88839285714286, 0.6136363636363636/1.0/0.9101123595505618/0.10989010989010989/0.8791208791208791/0.9555555555555556/0.9263157894736842/1.0/0.5172413793103449/0.9886363636363636, 
81, 1, 31, 10, 100, 0.8870376348495483, 85.9375, 100.0, 0.6292134831460674/1.0/0.8690476190476191/0.7045454545454546/0.8602150537634409/0.9888888888888889/0.9565217391304348/1.0/0.9578947368421052/0.6179775280898876, 
82, 1, 32, 10, 100, 0.883670449256897, 87.27678571428571, 100.0, 0.8202247191011236/1.0/0.8461538461538461/0.8387096774193549/0.9090909090909091/0.8809523809523809/0.9666666666666667/1.0/0.9789473684210527/0.4945054945054945, 
83, 1, 33, 10, 100, 0.864746459892818, 89.73214285714286, 100.0, 0.6813186813186813/1.0/0.8651685393258427/0.7888888888888889/0.9310344827586207/0.9120879120879121/0.9204545454545454/1.0/0.956989247311828/0.9213483146067416, 
84, 1, 34, 10, 100, 0.859944931098393, 89.28571428571429, 100.0, 0.7391304347826086/0.978494623655914/0.8876404494382022/0.6067415730337079/0.9/0.9897959183673469/0.9550561797752809/1.0/0.9885057471264368/0.8953488372093024, 
85, 1, 35, 10, 100, 0.8396932056971959, 86.83035714285714, 100.0, 0.6043956043956044/1.0/0.875/0.6304347826086957/0.9418604651162791/0.967391304347826/0.9545454545454546/1.0/0.7727272727272727/0.945054945054945, 
86, 1, 36, 10, 100, 0.8320980327469962, 87.27678571428571, 100.0, 0.4883720930232558/1.0/0.8854166666666666/0.735632183908046/0.9893617021276596/0.9662921348314607/0.9080459770114943/1.0/0.8105263157894737/0.9285714285714286, 
87, 1, 37, 10, 100, 0.8237747805459159, 85.9375, 100.0, 0.7142857142857143/0.9767441860465116/0.8620689655172413/0.717391304347826/0.9891304347826086/0.9680851063829787/0.8636363636363636/1.0/0.9777777777777777/0.5217391304347826, 
88, 1, 38, 10, 100, 0.8183357971055167, 88.16964285714286, 100.0, 0.6914893617021277/1.0/0.898876404494382/0.7471264367816092/0.9523809523809523/0.9247311827956989/0.9318181818181818/1.0/0.9340659340659341/0.7578947368421053, 
89, 1, 39, 10, 100, 0.8096731901168823, 89.17410714285714, 100.0, 0.7419354838709677/1.0/0.8681318681318682/0.7692307692307693/0.898876404494382/0.9662921348314607/0.963855421686747/1.0/0.7701149425287356/0.946236559139785, 
90, 1, 40, 10, 100, 0.8018366609300885, 87.94642857142857, 100.0, 0.8275862068965517/1.0/0.8636363636363636/0.6853932584269663/0.9431818181818182/1.0/0.9534883720930233/1.0/0.5591397849462365/0.967741935483871, 
91, 1, 41, 10, 100, 0.7913377370153155, 87.72321428571429, 100.0, 0.7701149425287356/1.0/0.9176470588235294/0.7362637362637363/0.9213483146067416/0.9782608695652174/0.9230769230769231/1.0/0.5357142857142857/0.9565217391304348, 
92, 1, 42, 10, 100, 0.7956699303218296, 86.04910714285714, 100.0, 0.627906976744186/1.0/0.8777777777777778/0.7021276595744681/0.9438202247191011/0.9879518072289156/0.9550561797752809/1.0/0.5393258426966292/0.96875, 
93, 1, 43, 10, 100, 0.7821572933878217, 89.62053571428571, 100.0, 0.7159090909090909/1.0/0.8837209302325582/0.7865168539325843/0.9230769230769231/0.9651162790697675/0.9555555555555556/1.0/0.7555555555555555/0.967741935483871, 
94, 1, 44, 10, 100, 0.7845865658351353, 87.72321428571429, 100.0, 0.6344086021505376/1.0/0.8888888888888888/0.7951807228915663/0.8953488372093024/0.9540229885057471/0.946236559139785/1.0/0.7340425531914894/0.9333333333333333, 
95, 1, 45, 10, 100, 0.7796820572444371, 90.51339285714286, 100.0, 0.7666666666666667/1.0/0.8850574712643678/0.8/0.9090909090909091/0.9772727272727273/0.9333333333333333/1.0/0.8372093023255814/0.9354838709677419, 
96, 1, 46, 10, 100, 0.7809213740485055, 89.95535714285714, 100.0, 0.8111111111111111/1.0/0.8809523809523809/0.7752808988764045/0.9090909090909091/0.9775280898876404/0.956989247311828/1.0/0.7640449438202247/0.9148936170212766, 
97, 1, 47, 10, 100, 0.7807043365069798, 89.73214285714286, 100.0, 0.8241758241758241/1.0/0.8555555555555555/0.776595744680851/0.9195402298850575/0.9764705882352941/0.9545454545454546/1.0/0.7684210526315789/0.9230769230769231, 
98, 1, 48, 10, 100, 0.7799118672098432, 89.0625, 100.0, 0.7752808988764045/1.0/0.8829787234042553/0.7752808988764045/0.9186046511627907/0.9764705882352941/0.9444444444444444/1.0/0.7368421052631579/0.9130434782608695, 
99, 1, 49, 10, 100, 0.7775736365999494, 90.625, 100.0, 0.7865168539325843/1.0/0.8764044943820225/0.7906976744186046/0.9130434782608695/0.9782608695652174/0.9540229885057471/1.0/0.8235294117647058/0.925531914893617, 
100, 2, 0, 10, 150, 1.3085603280500933, 54.47443181818182, 92.04545454545455, 0.37142857142857144/0.5579710144927537/0.5251798561151079/0.2978723404255319/0.40425531914893614/0.3006993006993007/0.5944055944055944/1.0/0.7092198581560284/0.6857142857142857, 
101, 2, 1, 10, 150, 1.09254591031508, 64.91477272727273, 97.23011363636364, 0.427536231884058/0.6690647482014388/0.8321678321678322/0.3357142857142857/0.8865248226950354/0.5373134328358209/0.32413793103448274/1.0/0.8652482269503546/0.6068965517241379, 
102, 2, 2, 10, 150, 0.9397187829017639, 67.11647727272727, 99.92897727272727, 0.5174825174825175/0.6370370370370371/0.8125/0.45774647887323944/0.6187050359712231/0.7021276595744681/0.6934306569343066/1.0/0.6170212765957447/0.6527777777777778, 
103, 2, 3, 10, 150, 0.7726101116700606, 80.46875, 99.92897727272727, 0.6028368794326241/0.7969924812030075/0.8450704225352113/0.6993006993006993/0.8873239436619719/0.9782608695652174/0.8888888888888888/1.0/0.5069444444444444/0.8503401360544217, 
104, 2, 4, 10, 150, 0.6879997415976091, 85.08522727272727, 99.64488636363636, 0.7050359712230215/0.9926470588235294/0.8832116788321168/0.7535211267605634/0.9014084507042254/0.8531468531468531/0.8472222222222222/1.0/0.8275862068965517/0.75177304964539, 
105, 2, 5, 10, 150, 0.624873860315843, 83.80681818181819, 99.85795454545455, 0.7801418439716312/0.9710144927536232/0.8943661971830986/0.5563380281690141/0.8057553956834532/0.9172413793103448/0.9779411764705882/1.0/0.7202797202797203/0.7642857142857142, 
106, 2, 6, 10, 150, 0.5757994705980475, 88.13920454545455, 99.85795454545455, 0.7122302158273381/0.9928057553956835/0.9014084507042254/0.795774647887324/0.8785714285714286/0.9565217391304348/0.9357142857142857/1.0/0.8936170212765957/0.7410071942446043, 
107, 2, 7, 10, 150, 0.5262543559074402, 88.99147727272727, 99.78693181818181, 0.773972602739726/0.9929577464788732/0.8592592592592593/0.8028169014084507/0.9027777777777778/0.951048951048951/0.8857142857142857/1.0/0.8695652173913043/0.8623188405797102, 
108, 2, 8, 10, 150, 0.4647657491944053, 88.42329545454545, 99.78693181818181, 0.8098591549295775/1.0/0.9285714285714286/0.7746478873239436/0.9280575539568345/0.993103448275862/0.9485294117647058/1.0/0.7777777777777778/0.6879432624113475, 
109, 2, 9, 10, 150, 0.43358059362931684, 88.70738636363636, 99.85795454545455, 0.8102189781021898/1.0/0.9436619718309859/0.8723404255319149/0.924812030075188/0.9857142857142858/0.9568345323741008/1.0/0.7482993197278912/0.6338028169014085, 
110, 2, 10, 10, 150, 0.3810484869913621, 92.32954545454545, 99.92897727272727, 0.9/1.0/0.9148936170212766/0.8686131386861314/0.9300699300699301/1.0/0.9787234042553191/1.0/0.6950354609929078/0.9444444444444444, 
111, 2, 11, 10, 150, 0.35471403056924994, 94.2471590909091, 99.92897727272727, 0.9148936170212766/1.0/0.9645390070921985/0.8819444444444444/0.9057971014492754/1.0/0.9577464788732394/1.0/0.8805970149253731/0.9142857142857143, 
112, 2, 12, 10, 150, 0.3496481559493325, 93.82102272727273, 99.85795454545455, 0.851063829787234/1.0/0.9640287769784173/0.8321167883211679/0.9568345323741008/0.950354609929078/0.9930555555555556/1.0/0.965034965034965/0.8741258741258742, 
113, 2, 13, 10, 150, 0.3688111630353061, 91.54829545454545, 99.92897727272727, 0.8666666666666667/1.0/0.958041958041958/0.7313432835820896/0.896551724137931/0.9571428571428572/0.9310344827586207/1.0/0.8601398601398601/0.9383561643835616, 
114, 2, 14, 10, 150, 0.37356180223551666, 91.83238636363636, 100.0, 0.8345323741007195/0.9791666666666666/0.958041958041958/0.8071428571428572/0.9154929577464789/0.9928571428571429/0.9142857142857143/1.0/0.9202898550724637/0.8581560283687943, 
115, 2, 15, 10, 150, 0.2983240647749467, 94.74431818181819, 99.92897727272727, 0.9103448275862069/1.0/0.9637681159420289/0.8920863309352518/0.9496402877697842/0.9930555555555556/0.9926470588235294/1.0/0.8273381294964028/0.9436619718309859, 
116, 2, 16, 10, 150, 0.2740621146830646, 95.5965909090909, 100.0, 0.9097222222222222/1.0/0.9496402877697842/0.900709219858156/0.971830985915493/1.0/1.0/1.0/0.958041958041958/0.8714285714285714, 
117, 2, 17, 10, 150, 0.2674845782193271, 94.31818181818181, 99.92897727272727, 0.8125/1.0/0.916083916083916/0.8936170212765957/0.9712230215827338/1.0/0.9854014598540146/1.0/0.9044117647058824/0.950354609929078, 
118, 2, 18, 10, 150, 0.24777743084864182, 95.45454545454545, 100.0, 0.916083916083916/1.0/0.9640287769784173/0.9148936170212766/0.9856115107913669/1.0/1.0/1.0/0.8811188811188811/0.8857142857142857, 
119, 2, 19, 10, 150, 0.25493051653558557, 95.09943181818181, 100.0, 0.9230769230769231/1.0/0.986013986013986/0.8623188405797102/0.9712230215827338/1.0/0.9929577464788732/1.0/0.8275862068965517/0.9507042253521126, 
120, 2, 20, 10, 150, 0.2230265262452039, 96.66193181818181, 100.0, 0.951048951048951/1.0/0.9858156028368794/0.9202898550724637/0.986013986013986/1.0/0.9705882352941176/1.0/0.935251798561151/0.9154929577464789, 
121, 2, 21, 10, 150, 0.22124424847689542, 96.875, 100.0, 0.9357142857142857/1.0/0.9928571428571429/0.900709219858156/0.9790209790209791/1.0/1.0/1.0/0.9507042253521126/0.9300699300699301, 
122, 2, 22, 10, 150, 0.20719908719713037, 97.08806818181819, 100.0, 0.9562043795620438/1.0/0.9779411764705882/0.9230769230769231/0.9849624060150376/1.0/1.0/1.0/0.9225352112676056/0.9452054794520548, 
123, 2, 23, 10, 150, 0.198622387918559, 97.58522727272727, 100.0, 0.9779411764705882/1.0/0.9931506849315068/0.900709219858156/0.9857142857142858/1.0/0.9928057553956835/1.0/0.951048951048951/0.9562043795620438, 
124, 2, 24, 10, 150, 0.191040500998497, 97.65625, 100.0, 0.9366197183098591/1.0/0.9929577464788732/0.9097222222222222/0.9790209790209791/1.0/1.0/1.0/0.9652777777777778/0.9857142857142858, 
125, 2, 25, 10, 150, 0.18020779300819745, 97.9403409090909, 100.0, 0.9577464788732394/1.0/1.0/0.9136690647482014/0.9927007299270073/1.0/1.0/1.0/0.9555555555555556/0.9714285714285714, 
126, 2, 26, 10, 150, 0.18712170286612076, 97.30113636363636, 100.0, 0.9290780141843972/1.0/1.0/0.9/0.9929577464788732/1.0/1.0/1.0/0.9555555555555556/0.9517241379310345, 
127, 2, 27, 10, 150, 0.17822486704046075, 97.86931818181819, 100.0, 0.9577464788732394/1.0/0.9858156028368794/0.9295774647887324/0.986013986013986/1.0/1.0/1.0/0.9577464788732394/0.9722222222222222, 
128, 2, 28, 10, 150, 0.17185279456051913, 97.86931818181819, 100.0, 0.9555555555555556/1.0/1.0/0.9214285714285714/0.9929577464788732/1.0/1.0/1.0/0.9645390070921985/0.951048951048951, 
129, 2, 29, 10, 150, 0.16532606021924454, 97.72727272727273, 100.0, 0.950354609929078/1.0/0.9857142857142858/0.9366197183098591/0.9929078014184397/1.0/1.0/1.0/0.9642857142857143/0.9420289855072463, 
130, 2, 30, 10, 150, 0.1619010635397651, 98.1534090909091, 100.0, 0.9652777777777778/1.0/0.9854014598540146/0.9440559440559441/0.9927007299270073/1.0/1.0/1.0/0.9507042253521126/0.9787234042553191, 
131, 2, 31, 10, 150, 0.1594020494005897, 97.30113636363636, 100.0, 0.9647887323943662/1.0/0.9929577464788732/0.95/0.9852941176470589/1.0/1.0/1.0/0.9300699300699301/0.9071428571428571, 
132, 2, 32, 10, 150, 0.15103846178813415, 98.29545454545455, 100.0, 0.9642857142857143/1.0/0.9861111111111112/0.9290780141843972/0.9929078014184397/1.0/1.0/1.0/0.9790209790209791/0.9785714285714285, 
133, 2, 33, 10, 150, 0.15104387361894955, 97.9403409090909, 100.0, 0.9565217391304348/1.0/0.9928571428571429/0.951048951048951/0.9861111111111112/1.0/1.0/1.0/0.9513888888888888/0.9574468085106383, 
134, 2, 34, 10, 150, 0.146987992931496, 98.08238636363636, 100.0, 0.971830985915493/1.0/0.9928571428571429/0.9357142857142857/1.0/1.0/1.0/1.0/0.9428571428571428/0.9640287769784173, 
135, 2, 35, 10, 150, 0.14634876901453192, 97.65625, 100.0, 0.9632352941176471/1.0/0.9855072463768116/0.9455782312925171/0.9929577464788732/1.0/1.0/1.0/0.9375/0.9407407407407408, 
136, 2, 36, 10, 150, 0.1458074694330042, 98.1534090909091, 100.0, 0.9714285714285714/1.0/0.986013986013986/0.9361702127659575/0.9928057553956835/1.0/1.0/1.0/0.9645390070921985/0.9647887323943662, 
137, 2, 37, 10, 150, 0.13923303173346954, 98.1534090909091, 100.0, 0.9642857142857143/1.0/0.9929577464788732/0.9357142857142857/0.9931506849315068/1.0/1.0/1.0/0.972027972027972/0.958041958041958, 
138, 2, 38, 10, 150, 0.1357704306190664, 98.79261363636364, 100.0, 0.9642857142857143/1.0/0.9929577464788732/0.9583333333333334/0.9929577464788732/1.0/1.0/1.0/0.9928571428571429/0.9781021897810219, 
139, 2, 39, 10, 150, 0.14138855175538498, 97.72727272727273, 100.0, 0.9642857142857143/1.0/1.0/0.9440559440559441/0.9854014598540146/1.0/1.0/1.0/0.9444444444444444/0.935251798561151, 
140, 2, 40, 10, 150, 0.13518139110370117, 98.29545454545455, 100.0, 0.971830985915493/1.0/1.0/0.9527027027027027/0.9929577464788732/1.0/1.0/1.0/0.9724137931034482/0.9398496240601504, 
141, 2, 41, 10, 150, 0.13109985332597385, 98.36647727272727, 100.0, 0.972027972027972/1.0/0.9863945578231292/0.9507042253521126/0.9928057553956835/1.0/1.0/1.0/0.9712230215827338/0.9647887323943662, 
142, 2, 42, 10, 150, 0.13304372944615103, 98.29545454545455, 100.0, 0.9652777777777778/1.0/1.0/0.9513888888888888/0.9859154929577465/1.0/1.0/1.0/0.9571428571428572/0.9716312056737588, 
143, 2, 43, 10, 150, 0.1332403285936876, 98.50852272727273, 100.0, 0.9647887323943662/1.0/0.9928571428571429/0.9436619718309859/1.0/1.0/1.0/1.0/0.965034965034965/0.9852941176470589, 
144, 2, 44, 10, 150, 0.13349070129069415, 98.36647727272727, 100.0, 0.971830985915493/1.0/0.993006993006993/0.9379310344827586/0.9929078014184397/1.0/1.0/1.0/0.9858156028368794/0.9558823529411765, 
145, 2, 45, 10, 150, 0.1305717040191997, 98.7215909090909, 100.0, 0.9637681159420289/1.0/0.993006993006993/0.9428571428571428/0.9862068965517241/1.0/1.0/1.0/0.9928571428571429/0.9928057553956835, 
146, 2, 46, 10, 150, 0.13323605331507596, 98.50852272727273, 100.0, 0.9647887323943662/1.0/0.993006993006993/0.9448275862068966/0.9928571428571429/1.0/1.0/1.0/0.9782608695652174/0.9784172661870504, 
147, 2, 47, 10, 150, 0.13135828280990774, 98.1534090909091, 100.0, 0.965034965034965/1.0/0.9925925925925926/0.9428571428571428/0.9929577464788732/1.0/1.0/1.0/0.972027972027972/0.9496402877697842, 
148, 2, 48, 10, 150, 0.13202072883194144, 98.57954545454545, 100.0, 0.9779411764705882/1.0/0.9929078014184397/0.9407407407407408/0.9930555555555556/1.0/1.0/1.0/0.9727891156462585/0.9787234042553191, 
149, 2, 49, 10, 150, 0.13363222574645822, 98.29545454545455, 100.0, 0.9645390070921985/1.0/0.9927536231884058/0.9436619718309859/0.9928571428571429/1.0/1.0/1.0/0.9782608695652174/0.9577464788732394, 
150, 3, 0, 10, 200, 0.15652084598938623, 97.55208333333333, 100.0, 0.9432989690721649/1.0/0.9844559585492227/0.9270833333333334/0.9896373056994818/1.0/0.9947643979057592/1.0/0.973404255319149/0.9430051813471503, 
151, 3, 1, 10, 200, 0.4003143827120463, 86.04166666666667, 99.94791666666667, 0.8125/0.883248730964467/0.8952879581151832/0.7315789473684211/0.8762886597938144/0.8617021276595744/0.8802083333333334/1.0/0.8095238095238095/0.8527918781725888, 
152, 3, 2, 10, 200, 0.2692469855149587, 94.53125, 99.94791666666667, 0.8105263157894737/1.0/0.9119170984455959/0.8958333333333334/0.9895833333333334/1.0/0.9794871794871794/1.0/0.9114583333333334/0.953125, 
153, 3, 3, 10, 200, 0.2196566532055537, 95.625, 100.0, 0.9523809523809523/1.0/0.9789473684210527/0.875/0.9740932642487047/0.9641025641025641/0.9895287958115183/1.0/0.8911917098445595/0.9375, 
154, 3, 4, 10, 200, 0.1714552303155263, 97.1875, 100.0, 0.9476439790575916/1.0/0.9896373056994818/0.9120879120879121/0.9848484848484849/1.0/0.9948979591836735/1.0/0.9629629629629629/0.9226804123711341, 
155, 3, 5, 10, 200, 0.14774394482374192, 97.65625, 100.0, 0.9365079365079365/1.0/0.9845360824742269/0.9312169312169312/0.9948186528497409/1.0/0.9948979591836735/1.0/0.9487179487179487/0.9744897959183674, 
156, 3, 6, 10, 200, 0.13872396697600684, 97.76041666666667, 100.0, 0.9484536082474226/1.0/0.984375/0.9267015706806283/0.9947368421052631/1.0/1.0/1.0/0.9585492227979274/0.9644670050761421, 
157, 3, 7, 10, 200, 0.13928629557291666, 97.39583333333333, 100.0, 0.953125/1.0/0.9791666666666666/0.9166666666666666/0.9947368421052631/1.0/1.0/1.0/0.9576719576719577/0.9378238341968912, 
158, 3, 8, 10, 200, 0.11857486317555109, 98.38541666666667, 100.0, 0.9581151832460733/1.0/0.9895287958115183/0.9432989690721649/1.0/1.0/1.0/1.0/0.96875/0.9790575916230366, 
159, 3, 9, 10, 200, 0.11881449719270071, 98.125, 100.0, 0.9639175257731959/1.0/0.9948717948717949/0.9375/0.9946236559139785/1.0/1.0/1.0/0.9637305699481865/0.9572192513368984, 
160, 3, 10, 10, 200, 0.10427587479352951, 98.54166666666667, 100.0, 0.9682539682539683/1.0/0.9948717948717949/0.9267015706806283/0.9947643979057592/1.0/1.0/1.0/0.9783783783783784/0.9896373056994818, 
161, 3, 11, 10, 200, 0.09205161035060883, 98.69791666666667, 100.0, 0.9742268041237113/1.0/1.0/0.9637305699481865/1.0/1.0/1.0/1.0/0.9635416666666666/0.9690721649484536, 
162, 3, 12, 10, 200, 0.09475489407777786, 98.4375, 100.0, 0.967741935483871/1.0/0.9897435897435898/0.9432989690721649/1.0/1.0/1.0/1.0/0.96875/0.9739583333333334, 
163, 3, 13, 10, 200, 0.10654708792765935, 97.70833333333333, 100.0, 0.9631578947368421/1.0/0.9948717948717949/0.9484536082474226/0.9895833333333334/1.0/1.0/1.0/0.9263157894736842/0.9479166666666666, 
164, 3, 14, 10, 200, 0.11647654424111048, 97.55208333333333, 100.0, 0.9644670050761421/1.0/0.9845360824742269/0.946524064171123/0.984375/1.0/0.9946524064171123/1.0/0.9585492227979274/0.9175257731958762, 
165, 3, 15, 10, 200, 0.10474950720866522, 97.91666666666667, 100.0, 0.9587628865979382/1.0/0.9895833333333334/0.9375/0.9948717948717949/1.0/1.0/1.0/0.9417989417989417/0.96875, 
166, 3, 16, 10, 200, 0.09405837108691534, 98.59375, 100.0, 0.9789473684210527/1.0/1.0/0.9427083333333334/1.0/1.0/1.0/1.0/0.9740932642487047/0.9637305699481865, 
167, 3, 17, 10, 200, 0.07761711155374845, 99.32291666666667, 100.0, 0.9845360824742269/1.0/1.0/0.9682539682539683/1.0/1.0/1.0/1.0/0.9946808510638298/0.9840425531914894, 
168, 3, 18, 10, 200, 0.09317051470279694, 98.02083333333333, 100.0, 0.9685863874345549/1.0/0.984375/0.9574468085106383/1.0/1.0/1.0/1.0/0.9430051813471503/0.9481865284974094, 
169, 3, 19, 10, 200, 0.10300674711664518, 97.8125, 100.0, 0.9689119170984456/1.0/1.0/0.9427083333333334/1.0/1.0/0.9896373056994818/1.0/0.9239130434782609/0.9540816326530612, 
170, 3, 20, 10, 200, 0.09761975134412447, 98.28125, 100.0, 0.9742268041237113/1.0/1.0/0.9521276595744681/1.0/1.0/1.0/1.0/0.9581151832460733/0.9421052631578948, 
171, 3, 21, 10, 200, 0.06865245699882508, 99.21875, 100.0, 0.9844559585492227/1.0/1.0/0.9693877551020408/1.0/1.0/1.0/1.0/0.9896373056994818/0.9786096256684492, 
172, 3, 22, 10, 200, 0.0674138456583023, 99.11458333333333, 100.0, 0.9845360824742269/1.0/1.0/0.9695431472081218/1.0/1.0/1.0/1.0/0.9791666666666666/0.9788359788359788, 
173, 3, 23, 10, 200, 0.0734993003308773, 99.21875, 100.0, 0.9629629629629629/1.0/0.9948453608247423/0.9695431472081218/1.0/1.0/1.0/1.0/0.9949238578680203/1.0, 
174, 3, 24, 10, 200, 0.06761003658175468, 98.90625, 100.0, 0.9690721649484536/1.0/0.9948186528497409/0.9578947368421052/1.0/1.0/1.0/1.0/0.9842105263157894/0.9842105263157894, 
175, 3, 25, 10, 200, 0.07013345807790757, 99.0625, 100.0, 0.9842105263157894/1.0/1.0/0.9533678756476683/1.0/1.0/1.0/1.0/0.9895833333333334/0.979381443298969, 
176, 3, 26, 10, 200, 0.06891328220566113, 98.95833333333333, 100.0, 0.9791666666666666/1.0/0.9894736842105263/0.96875/1.0/1.0/1.0/1.0/0.9682539682539683/0.9897959183673469, 
177, 3, 27, 10, 200, 0.07071223333477974, 98.80208333333333, 100.0, 0.9528795811518325/1.0/1.0/0.9583333333333334/1.0/1.0/1.0/1.0/0.983957219251337/0.9844559585492227, 
178, 3, 28, 10, 200, 0.060616112252076464, 99.375, 100.0, 0.9844559585492227/1.0/1.0/0.9842931937172775/1.0/1.0/1.0/1.0/0.9841269841269841/0.9844559585492227, 
179, 3, 29, 10, 200, 0.05517435496052106, 99.53125, 100.0, 0.9844559585492227/1.0/1.0/0.9685863874345549/1.0/1.0/1.0/1.0/1.0/1.0, 
180, 3, 30, 10, 200, 0.055311834315458934, 99.53125, 100.0, 0.9895833333333334/1.0/1.0/0.9844559585492227/1.0/1.0/1.0/1.0/0.9947643979057592/0.984375, 
181, 3, 31, 10, 200, 0.05835262065132459, 99.375, 100.0, 0.9895833333333334/1.0/1.0/0.9842931937172775/1.0/1.0/1.0/1.0/0.9845360824742269/0.9791666666666666, 
182, 3, 32, 10, 200, 0.060391680399576826, 99.27083333333333, 100.0, 0.9740932642487047/1.0/1.0/0.9790575916230366/1.0/1.0/1.0/1.0/0.9792746113989638/0.9948186528497409, 
183, 3, 33, 10, 200, 0.05416270097096761, 99.47916666666667, 100.0, 0.9897435897435898/1.0/0.9947089947089947/0.9735449735449735/1.0/1.0/1.0/1.0/0.9895287958115183/1.0, 
184, 3, 34, 10, 200, 0.053422257552544275, 99.6875, 100.0, 0.9841269841269841/1.0/1.0/0.9842931937172775/1.0/1.0/1.0/1.0/1.0/1.0, 
185, 3, 35, 10, 200, 0.053727116187413534, 99.375, 100.0, 0.9894179894179894/1.0/1.0/0.9587628865979382/1.0/1.0/1.0/1.0/1.0/0.9896907216494846, 
186, 3, 36, 10, 200, 0.05258670697609583, 99.47916666666667, 100.0, 0.9895287958115183/1.0/1.0/0.984375/1.0/1.0/1.0/1.0/0.9842105263157894/0.9896907216494846, 
187, 3, 37, 10, 200, 0.046384367346763614, 99.63541666666667, 100.0, 0.9842105263157894/1.0/1.0/0.9844559585492227/1.0/1.0/1.0/1.0/1.0/0.9947643979057592, 
188, 3, 38, 10, 200, 0.05312156528234482, 99.375, 100.0, 0.9789473684210527/1.0/1.0/0.9897435897435898/1.0/1.0/1.0/1.0/0.9792746113989638/0.9895833333333334, 
189, 3, 39, 10, 200, 0.050703676293293636, 99.42708333333333, 100.0, 0.9896373056994818/1.0/1.0/0.9791666666666666/1.0/1.0/1.0/1.0/0.9948453608247423/0.9787234042553191, 
190, 3, 40, 10, 200, 0.04921067580580711, 99.53125, 100.0, 0.9847715736040609/1.0/1.0/0.9790575916230366/1.0/1.0/1.0/1.0/0.9894179894179894/1.0, 
191, 3, 41, 10, 200, 0.04566837623715401, 99.6875, 100.0, 0.9896373056994818/1.0/1.0/0.9841269841269841/1.0/1.0/1.0/1.0/1.0/0.994475138121547, 
192, 3, 42, 10, 200, 0.04894877374172211, 99.375, 100.0, 0.9894736842105263/1.0/1.0/0.9790575916230366/1.0/1.0/1.0/1.0/0.979381443298969/0.9897435897435898, 
193, 3, 43, 10, 200, 0.04819642938673496, 99.58333333333333, 100.0, 0.984375/1.0/1.0/0.9791666666666666/1.0/1.0/1.0/1.0/1.0/0.9946236559139785, 
194, 3, 44, 10, 200, 0.050221441934506096, 99.42708333333333, 100.0, 0.9896373056994818/1.0/1.0/0.9786096256684492/1.0/1.0/1.0/1.0/0.9897435897435898/0.984375, 
195, 3, 45, 10, 200, 0.04949589371681214, 99.375, 100.0, 0.9842931937172775/1.0/1.0/0.9787234042553191/1.0/1.0/1.0/1.0/0.9895833333333334/0.9844559585492227, 
196, 3, 46, 10, 200, 0.04750858979920546, 99.63541666666667, 100.0, 0.9895287958115183/1.0/1.0/0.979381443298969/1.0/1.0/1.0/1.0/1.0/0.9947916666666666, 
197, 3, 47, 10, 200, 0.048098592460155486, 99.42708333333333, 100.0, 0.9842931937172775/1.0/1.0/0.9790575916230366/1.0/1.0/1.0/1.0/0.9894179894179894/0.98989898989899, 
198, 3, 48, 10, 200, 0.04734648702045282, 99.42708333333333, 100.0, 0.9842105263157894/1.0/1.0/0.9792746113989638/1.0/1.0/1.0/1.0/0.9896373056994818/0.9895833333333334, 
199, 3, 49, 10, 200, 0.04873632540305455, 99.47916666666667, 100.0, 0.9842931937172775/1.0/1.0/0.9790575916230366/1.0/1.0/1.0/1.0/1.0/0.9844559585492227, 
